Model,Accuracy,Cross Validation
SVC,0.6029411764705882,0.6031356509884116
Random Forest,0.5735294117647058,0.5736839563411571
SGD,0.5343137254901961,0.5367946678785125
