Feature,Importance
alcohol,0.07303921568627447
sulphates,0.033823529411764676
total sulfur dioxide,0.01666666666666663
pH,0.012254901960784293
fixed acidity,0.010784313725490158
volatile acidity,0.008333333333333281
density,0.0024509803921568206
free sulfur dioxide,0.001470588235294079
citric acid,-0.003921568627451033
chlorides,-0.007843137254901988
residual sugar,-0.008333333333333404
